3271.787275512655, 2364.237893333079, 2690.719115948744
1097.584361423118, 1372.1143495457873, 1296.2305710003932
2041.0143173406677, 1799.2091659757625, 2086.0856971243247
3473.7475542027364, 1935.90576342375, 2244.86414856074
3233.7275311681415, 1738.8570859786264, 1765.5167274906892
2222.631894048463, 1840.0030972950717, 1570.6455723253152
4313.702013438628, 1897.6225212031677, 3482.841939264862
8912.846931929009, 2425.9093380342965, 2831.8195742107728
3528.568344515993, 1639.5250431880204, 2608.1094834946693
1755.0100331414624, 1633.7450297441264, 2189.7424791902304
1501.403870626178, 1555.8918945770426, 1945.7736412713994
2570.478868088632, 1841.651284608337, 2152.3101271216397
2177.494904559582, 1680.3174913383725, 1491.1039130726208
3334.136113041208, 1946.55483162562, 1785.3116516775544
2253.4021656811165, 1767.1105695495303, 1954.8696892273497
1347.7547254839922, 1784.1439564691423, 2549.4839478245667
2614.2408576167345, 1838.6003699916855, 2343.801088059019
1982.6892523067622, 1928.991328576964, 2770.222287279423
4194.085791713032, 1862.8081846898697, 1394.8415447411203
2095.8067531612196, 1611.6490602482486, 2327.192908554097
2724.936807192892, 1707.236333017625, 2500.2833943967707
3467.16901594862, 2084.2285263845197, 2090.0849014907308
2066.129045482161, 1781.551785158615, 2072.116164008595
7441.170045760647, 2515.03579403581, 2633.997148927653
1234.3175235847268, 1585.094202311318, 2412.3647080253945
2664.250549806393, 1787.8945739638013, 1571.4757113695846
2487.0806657777616, 1598.7959589681077, 1805.105723762434
2050.313743683394, 1747.7581006938888, 2361.83837748328
10498.950139477385, 1964.922777340315, 2115.9914606573134
2367.2733627014945, 1465.931564737546, 2072.9128183788007
7041.1029038735205, 2293.2296079916323, 3773.7253208974084
2361.562274554404, 1882.5755812214152, 2921.8578251456183
3216.8399274797866, 1641.771431649041, 1858.4582991091695
6324.06293428694, 2027.2867609936857, 2188.263961386546
3772.142573800358, 2206.726755804584, 2216.649936107184
2311.292286320999, 1633.21254009811, 2502.155591110812
1962.6335941984048, 1661.8974661663901, 2331.128469751504
4235.139814509783, 2039.3187935481574, 2638.6727887888323
1483.487869745598, 1569.591419865021, 1645.7986390359397
9674.320089213077, 1938.8448765620196, 2515.913279675882
7733.128113882633, 2510.6548762240036, 2567.308542022832
6627.188993479381, 1804.740622924149, 1780.4057027601616
3118.846115290521, 1881.7236910130237, 2508.340691333029
1879.7027343255822, 1674.098797805673, 2679.6292429423647
3091.497598118749, 1884.5238105714898, 1599.5844025606634
5286.26722796773, 2191.9036548288227, 2933.3960853794206
2353.228526235846, 1867.9878838025425, 2134.177596694021
2782.7414871679703, 1762.733713327059, 2336.9001504273574
13079.499989608386, 2155.831098359515, 2827.8357101385745
831.0361403684647, 1195.8586224222695, 1605.273376705944
9696.202937191087, 2564.3208426741203, 1879.4510586779143
4281.877612450709, 2141.027029058908, 3038.6299800269044
2563.9907600509364, 1621.4213980456004, 2074.001024665031
2452.1820671539217, 1707.3665562042038, 2230.5808809116365
2925.4286531961734, 1795.974198230032, 2275.0529565722863
3646.547463246775, 2280.635123275682, 2188.141345101065
1996.3014161224878, 1623.3143429443621, 2089.7466382844605
3278.2027360302054, 1963.6490485192703, 2218.970172617472
13650.459516309942, 2574.446186086676, 3505.4429685464515
2458.441774189342, 1798.8866216063366, 1574.1831729874564
5374.107671815367, 2367.0283376414955, 2871.825527843835
7640.419043354268, 2418.9626949967833, 3272.210065343803
2428.8980333470563, 2012.847929091022, 2267.936568628432
3575.4035403989164, 1849.1145333336165, 1550.3510990176035
4419.622667231548, 2333.7021736896377, 2720.426294339428
3336.058660136019, 2226.141693751058, 2799.6988814560304
1480.0878112364367, 1371.1323136354704, 1833.2898500374902
2227.9978076915545, 1467.7605733570263, 2376.880798816199
5466.139408698066, 2353.461199525646, 3286.553351414879
3088.348562702646, 1609.3984011908751, 2015.8687786054766
999.8390669412069, 977.8497676354426, 1623.7231985662556
2756.2252170720044, 1827.4265816501415, 2008.9927927726212
3187.8605937279413, 2121.7354849030066, 2543.0642931881393
10053.105393758899, 2304.7195734627658, 2237.257138278094
2696.339157760559, 1823.85542424954, 2535.9972132153393
8732.199874707385, 2749.5726434210164, 3964.0408462862692
3142.134042943559, 1645.6743390449533, 2452.966657382696
3479.5398758884917, 1943.313125534422, 2516.1856477751408
3580.846233282028, 2083.1076228076117, 3051.0737328527402
2026.7107435978712, 1324.2380974482603, 1530.4725824810312
3319.797805278873, 1699.1246661298624, 2025.441995966029
1769.1790224712493, 1454.7567473469562, 1735.4743093909349
2849.551122206585, 1726.0591858741682, 2105.737643769719
1709.1235962810515, 1395.546689033283, 1277.2827020486152
1468.3104652453744, 1571.4813423747664, 2574.2749213048946
4242.551140654961, 1964.74829784983, 2564.0380371724104
607.8287919822966, 1108.4913629694906, 1882.877673754221
5166.969877202026, 2334.9143775764996, 2849.280097615344
15137.347655657444, 2465.5528385255893, 2704.836776560146
1491.588672111056, 1521.2447758967892, 1250.7952550152254
19334.39245940711, 2734.1558154248337, 2734.765119623202
1467.6892296404444, 1367.5358369641058, 1564.9234404217013
6285.304533444216, 2125.608973682145, 2436.208959894755
3918.9662326513, 1896.2041568273235, 3028.4729762193892
3732.512099031504, 2176.309977201616, 2166.959912175511
1147.907120518963, 1478.8773254609712, 1797.3955016532068
1908.095293720844, 1961.4430086129378, 1746.323792033076
5295.551640185803, 1787.5995343209925, 2612.624102731489
3734.1382435843907, 2000.9994749682, 2159.535212329377
3858.55307382582, 1844.2666849104194, 2222.4873419088417
1319.6187918077685, 1142.169722097506, 1982.080636562755
8520.597466319721, 2356.3159471105437, 2556.725189455164
2573.7673214967103, 1332.4055152240232, 1302.931428594115
1194.942266219501, 1421.4841870455148, 1080.05850415555
8725.103958789254, 2594.076187417174, 2944.834431170384
2986.669981870298, 1754.249806025377, 1634.9346254638017
1325.976007762664, 1401.5128161454759, 1637.0185050282482
1925.6987682868821, 1480.0285121889228, 1820.5888158255143
3144.980584535245, 1840.3555614301958, 1793.129083287735
2541.9837661906363, 1848.4875770441529, 1919.739793846325
1058.897908801525, 1158.501045923052, 1106.8850388850365
1341.1634000311033, 1503.8750417023489, 2107.5007935383187
1676.5879287402026, 1541.0600483177095, 1878.655662844897
3366.4841704774694, 1727.549213335993, 2083.195231596566
4120.799673504107, 2466.528261329241, 3479.744178103664
2555.7824471148074, 1553.493685864864, 2460.2182712569993
5193.030442142801, 2074.918221048404, 2362.0571097142347
1862.127837125218, 1551.0452187561646, 2662.572335834806
7557.381348304345, 1909.4547512319778, 2947.794485800347
2304.293486376414, 1653.5437993434668, 2005.6308737260065
857.1454336451542, 1303.8621071838547, 2107.1455020194144
3057.01956187025, 2155.925432146722, 1939.5850402304736
10068.843351024163, 2344.5613585264146, 2907.9142086078273
4628.242444100683, 2008.835385032557, 2626.136376767943
1977.874711304356, 1989.60081764012, 2651.4177520304656
1523.9195016906135, 1321.113926278749, 1787.0706823355958
3301.397584079969, 2080.213225248235, 2465.1598850884257
2743.2383177419233, 2102.5444311195015, 2135.8232940572
1789.1140860470841, 1483.2647229776455, 2629.5359656130718
4337.182348942644, 2114.475161827085, 3238.272544599965
4476.8428214463775, 2170.9078993796147, 2154.071495038289
10056.30883588753, 2352.8188023070434, 2456.9435479959416
2389.0927805467327, 1912.193464994314, 2914.391243116764
3662.8573444175254, 1813.662887630363, 2683.0366379342468
4757.977082602756, 2099.9310084848157, 2046.2096227107418
3824.8133018992885, 2272.1847264169437, 2951.9741116566024
10694.868640342227, 2625.978688365728, 2867.2188124170475
4124.0779997475665, 2018.2564226241047, 2829.5708321650036
906.5207971886922, 1374.4081172895349, 1505.538974904995
4817.73786371632, 2336.3437059763814, 2655.762543438573
3543.255506511514, 1793.1445659877936, 2065.819934759127
1309.327449358853, 1396.3169939312672, 2286.9867970537753
6108.655679930103, 2340.5590883988116, 3147.425741045942
4957.797785603808, 2136.880059162957, 3187.2511231127323
4690.662715079641, 1974.4743761139807, 2621.974383799555
2721.129173768388, 2219.291340566596, 3039.169127448641
1858.165134258593, 1676.083555931178, 2677.6567149204657
1741.3577730952195, 1847.6551057531753, 1738.8475574630218
3464.425075206306, 1869.2388125592902, 2254.9322935162477
7176.667709495218, 2258.2078471948926, 2105.936482984921
10677.22767093188, 2123.4142741352816, 3318.6563927099405
6351.643472998171, 2456.8430061968684, 3254.235641000465
1993.8916244169407, 1354.3872212603228, 1797.6315852856055
2524.814034838295, 1883.034064189044, 3211.171389421179
1728.2818700610287, 1934.6583509739764, 2075.369385381039
2349.030157181067, 1663.0313408872503, 2261.016220538709
4973.6117151933695, 2333.4466979686554, 1932.1783027791394
6435.468534154126, 2312.725671387867, 2708.03712385608
1012.9229497174389, 1756.530004673313, 2063.7682843262182
5010.88297861591, 2676.0882951340773, 2732.635011268956
2356.1867551979276, 1773.9177908337501, 2614.591438763583
2745.142033539967, 1561.1757745429293, 1609.9950518507735
2442.016965884216, 1654.1962115137326, 1600.681449775882
1084.2490922807515, 1241.9440469691808, 1617.0802329311905
2073.956273390226, 1932.7692042915482, 1958.6808259594568
4279.852128281812, 2159.898585555474, 2301.9361630772764
2575.8722265732954, 1553.3703989658634, 2084.994507197603
4259.15595072863, 2003.0257506006092, 2268.7119815581864
2318.7366061667312, 1416.774667511227, 2005.8196014040518
3708.041815318755, 1755.0930591181843, 2226.9620011172374
1502.8810030634759, 1679.7243029538788, 2879.5290574076366
6926.088581680889, 1971.1398120423937, 2681.350244094573
2642.948033086981, 1448.0504759529692, 1057.762045038402
9434.770946559765, 2725.9473010560223, 3124.1143262172973
2205.6894781899655, 1857.9545589444706, 2287.608211941227
3215.6635370480653, 2041.1972525488, 2731.169932899161
2330.4615804532236, 1824.8256676815486, 2611.680281643905
11645.261008756366, 2686.03182667671, 2652.2528950654587
6584.8241429838, 2799.342077843133, 2774.992298062609
2331.287909758137, 1869.5272004262788, 2729.1749620331293
1966.7129449819952, 1858.5070237685181, 2760.9116544957783
3666.3112189131316, 2357.1273352865014, 2436.279894046447
1216.132430153445, 1410.9925450540777, 1597.8574163036592
8373.60632945551, 2352.9064929884134, 2296.078731890625
9620.739270635024, 2260.6495923815787, 2394.1894818868573
4514.860716304606, 2023.7619383176607, 2243.2127995009846
1730.6854381274122, 1643.7883077432894, 1628.5721301784906
8301.458580852923, 2787.269683943946, 2693.9007238920362
2280.1526182641182, 1935.5632399799542, 2562.735422276613
1793.1618502197452, 1514.5207369838859, 2220.9057408311755
2405.290375522931, 1637.3400177440071, 2082.943338778895
781.1245111326475, 1080.1236186383353, 1431.1102117229452
10894.555496554496, 2672.20876513964, 2870.058692513829
1272.5579211935024, 1487.3549467265075, 1717.4142131652166
2291.040043125968, 1783.9260698089088, 2678.9905355825235
1916.5450248268435, 1761.7895188498887, 2119.324088105762
8117.985902220147, 2400.0101429568927, 3230.0770355648233
2634.747527838312, 1726.3964494028655, 1977.7431278713655
3290.194529221291, 1889.3911263548948, 3009.6541666467315
3643.6193568834296, 1684.5840505690173, 1958.0254186885813
6080.460362845643, 2176.804250238157, 1529.1923914262416
3178.0869504652037, 2270.036776631633, 2329.1496842177853
1257.8487308011354, 1521.6050688812843, 2083.6158670133673
8948.059999848165, 2187.816433297795, 2429.8250060183877
2573.9140030092076, 1696.575727138581, 2140.5912509830487
1673.6197962178362, 1371.6543110429689, 1342.6676992961216
1454.0402043927993, 1612.203248605704, 2004.9922974952233
2031.7142702946912, 1769.23358000896, 1749.167980053904
5443.616208070458, 2162.931303312648, 1072.4131292830898
2809.4413776758906, 1722.4940273632324, 1283.608114649866
5472.488986160263, 2367.485431334233, 2421.429156700272
1924.6170911116876, 1358.2455844464794, 2210.3189724589483
827.0628667676868, 1051.8724877346417, 1593.1419222297623
3750.2351048034793, 2122.5070862605553, 2913.9667076206724
8113.256692831936, 2329.7105567615945, 3306.3896967955543
1152.9125582308152, 1329.3526350122788, 1575.7810099736648
12189.15060928686, 2502.921103085149, 2902.5316406434285
5497.639472534071, 2399.3447808887904, 2600.4357555079737
4138.994232752574, 2107.92511672647, 2086.0906285552605
15467.949338661296, 2673.87886144985, 3514.041129594438
6579.854210499522, 2379.716371366746, 3101.7409360627544
3337.792708665626, 1975.8388668611171, 2246.2532561673743
4483.947930239699, 1991.4096843707807, 2797.918459364543
1684.7269784277341, 1743.158833819955, 1805.1729568778103
2001.681248604696, 1654.4124462674813, 2110.9116285732066
2118.2073830866248, 1380.583787952246, 2060.777171650003
2789.1893280072877, 1975.227626952575, 1380.6891739171037
6939.171425543809, 2107.5802615610014, 2047.11846157964
2839.966318681819, 2140.4920626468256, 1958.9988317815871
7413.783133405879, 2004.7447545876244, 2315.5013793053586
2607.700485077711, 1691.0244059692, 1957.326714693755
5077.6675877820735, 2053.0924904248036, 2167.8554200972803
2866.1250925701124, 1660.7594673499607, 2067.8351327356636
3704.173884008687, 1921.294665336599, 2019.3920622976427
2301.9397004608963, 1909.0627432854685, 3134.2432440250814
1924.1265829061608, 1648.3415873463518, 2238.7346866242115
2516.851575295281, 1627.9465741395861, 1917.8260026326375
4921.833294864373, 2166.1301546255045, 2225.9758748063177
2643.659764239619, 1628.6239146575804, 1963.230970900422
2041.284456893516, 1497.0722944691677, 1686.0368147435233
6530.555346371024, 2517.441384625625, 2793.446208296231
2640.5908866339196, 1443.487217694467, 1395.6421658020263
4679.898621243794, 2172.630730086935, 2046.2966701388827
1697.0378061049928, 1421.9577581446579, 1425.551136528377
2386.4385132383213, 1847.9286555739732, 2389.366571177028
1083.9905252240478, 1187.597399476207, 1506.7698556416951
4432.771961256753, 2749.8048719169133, 2697.066512998769
1484.8765420386069, 1593.539032415356, 2610.1991328341123
2702.6888264775425, 1861.3117312456054, 1695.9341643566518
2391.518249825755, 1395.6534464194065, 2154.8875948753175
6338.929329426655, 2342.6593243593757, 2444.6878009404854
9895.037288645957, 2018.9273007099264, 1665.9285227387522
1488.3440859729199, 1264.9030922259644, 1839.0891214298038
3269.838140648883, 2293.0470021609895, 3317.3796819858917
1798.5105822032665, 1249.3217547761947, 1481.5052631523845
2214.9674068668455, 1776.6089557068176, 1998.967497548871
1727.5203361411184, 1719.4775341838981, 1933.744297347087
2319.070352011076, 1764.342010438881, 2113.349979640813
7639.9969416604745, 2178.8950842663885, 3319.4775978361545
7046.9248883882365, 2719.768140242921, 2876.510291001871
4533.225360622253, 1678.2572578603013, 1858.5099844524548
2007.935567661084, 1747.2097036423766, 2774.095703104231
1474.3459240636078, 1490.1340478356974, 1744.46568747025
4042.9397505365137, 2225.49484163487, 2787.2046415731566
3529.59062034744, 2195.3864222306074, 2866.7586152480767
1525.3246530828596, 1205.5174860135387, 2193.22099798683
4464.161958483057, 2038.9906221599892, 2754.8495060815594
2085.920994746779, 1575.691179977467, 1481.6632688850577
4421.372209505259, 1921.3060915236847, 2727.2869385565227
2751.7301910950373, 2009.8038386728795, 2328.9047923125668
7524.747066701893, 2724.3981981590614, 3289.2849297334146
1148.9063415010198, 1277.3985515723834, 1749.874338150458
1683.771843238388, 1772.591529639596, 2244.754618291587
2072.7067719157694, 1423.981580385107, 1691.765867696447
1717.9147355207942, 1942.7318319791282, 2286.495692140673
4566.8673704831, 2144.1148075966616, 1997.0536756183685
1555.4249993496414, 1334.8902430425367, 2447.879108100171
3840.410774159952, 2133.306397085935, 2503.105841202316
4466.191434596029, 1851.7642824512923, 1858.2508365376714
5044.827780383847, 2235.771544445498, 2384.002982155815
3348.2881188324086, 2068.767004052503, 1939.4266893133854
2064.392672076054, 2108.765336206055, 2586.7142642691088
8374.37231873706, 2190.0001984858686, 3494.7157499302275
2109.340985915207, 1970.831602708071, 3152.7057020231314
1982.6526014363646, 1784.4284830047782, 2034.8352720959044
3891.9454979182483, 1784.9342748273864, 1857.6923208622206
5850.146451471859, 2499.598198768974, 2099.2426230599353
3027.057765473224, 1696.6684875378478, 1764.044181349045
4746.005682083434, 2215.6227450030447, 2693.6459771053546
7668.145843168506, 2542.487050204048, 3387.913250243781
1264.839873795696, 1588.3098480715748, 2405.7504117845297
1391.7304848866388, 1445.0719153937202, 2024.5575796408061
2104.0190218470702, 1655.9020130815861, 2190.545660590219
3067.4501129407113, 2500.935609668506, 3014.1185660525407
2585.1126802652702, 2282.6454574157865, 2430.8987448115404
3986.599412075962, 1835.0118292291204, 2311.9491309966234
2485.8492795398506, 1721.2037461463017, 1983.4080455998242
9440.7597323436, 2241.0220658075596, 2513.0899378046306
7818.777837499345, 2135.634965473742, 1949.294007665114
2576.162961991615, 1923.3838258061132, 1866.4255292339508
1519.6601449152765, 1271.3010112700792, 1386.0413176445911
1787.8598944409953, 1894.4926079850786, 3484.6306707985414
5612.309635646042, 2022.6325438765912, 2612.095528258869
4948.134303955454, 1496.4320663904277, 2020.4322659020831
2330.8637801205787, 1841.9744254578063, 2465.9871362238578
1926.7207565944211, 1328.4933964300797, 1397.9328548919586
5186.735411971783, 2108.2993281984463, 1983.738446712612
2472.2711489554217, 1635.850561665989, 2272.2380373790693
8401.995309871963, 2720.8210874401248, 4111.7071757260155
3524.5462143594427, 2093.4087211402975, 2155.0442594913447
1324.9645188317618, 1218.6579681487456, 1521.267609388977
2212.069831478617, 1355.1968061139803, 1775.293659216199
6604.517314983345, 2383.089490512977, 2781.6395831195723
10390.33963664565, 2339.773117522929, 3227.597724118901
5405.72223535409, 1865.43598890475, 2817.7023178219933
2702.3063651087, 1618.0668848140995, 2144.2708803109217
9151.27574307745, 2514.8152817171876, 2833.1890784488987
4609.186834579693, 2089.507674284915, 2330.5107574891663
3341.309617771489, 2096.7532231724585, 2523.161724958662
2542.517079753875, 1983.003534704942, 1820.7113717019065
1257.2940905232042, 1328.3647338024912, 2313.01049000328
1100.575878419725, 1692.288544972685, 2218.335397734013
4100.794193178404, 2003.551604415778, 2606.1378495152426
2213.589002188665, 1768.701874902934, 2123.8236155816276
5944.462571452033, 2128.726335781369, 2936.3752085366095
4057.782801637589, 2000.871486404694, 2293.635282393437
1724.4565418744278, 1481.1660977970525, 1777.9674699716215
873.418108252199, 1207.5336948012614, 1455.2069001543073
864.4530490773657, 1149.091938378479, 1119.8560000321556
3495.390495018113, 2046.1896767566618, 2353.2102120937975
12156.647112157138, 2882.868978865075, 2714.764994978804
3338.815605431538, 1941.8382659461586, 2432.1539716172247
3048.332260251318, 2198.1479641293845, 2119.5011034028353
5681.57962465384, 2569.578886055646, 2990.8917447059603
2207.39881987559, 1936.039423424902, 2077.376089021289
1279.1554844608886, 1404.6044817199781, 2570.791197477525
1687.0987582791017, 1474.7514373283675, 2757.7961704993604
4458.174267484234, 1669.170217132852, 2086.086150844143
3569.8156431510106, 2010.961856860028, 2865.748760771045
2807.4992389120575, 1750.4652771960823, 2741.8668154187476
1853.1893335582172, 1610.2470272435376, 1828.0709898922455
2671.883849924594, 1763.4629326305326, 2527.564053314871
3671.287230859031, 1910.6503966405637, 2677.525244552703
3568.4142388146065, 2071.7077502423485, 2486.7220285105745
1209.5258839258368, 1786.5281896962251, 2004.458082859934
1581.1165131528287, 1266.423565301102, 2091.3957384099585
4167.752840747156, 2020.5444803170224, 1612.2451902222688
4600.3945811926515, 2045.0868220633233, 2599.562401518707
2096.538545815738, 1674.5072278244834, 1628.5481667293702
1498.0703852512847, 1317.6847846103942, 1873.47080037752
1287.5522298301603, 1505.7793334268404, 2625.3952376924026
4585.161855994078, 2103.3391302113105, 2051.3304438230134
8146.636469183669, 2085.2947324982188, 2411.4998873629074
1025.403870292891, 1324.5839553791507, 1390.1773066431338
3060.776849503218, 2483.442295593661, 3329.706130814372
2237.6829401829077, 2229.2715740083345, 2224.201256684256
1464.7023372111687, 1598.2163957006926, 2119.816211592145
5735.753213764963, 2052.1816542784422, 2017.759064214654
2261.294277781843, 1758.6580960051947, 2373.5240565652884
17259.955700463535, 2842.4452137422636, 3631.8757119156753
1760.8461174745141, 1545.2713392442495, 3045.3037594609027
2705.2810116409278, 2080.4473041266037, 1885.9620325008032
1022.4364788391666, 962.7355316428781, 1135.8182546753233
2977.1234229498823, 1839.7742470858998, 1748.1217899600083
1079.9866109255513, 1279.4220300768184, 1553.6752638431108
2252.324073467083, 2192.6682495697846, 2875.103222462486
2450.636086668257, 2017.760816030092, 3692.848326188562
5261.7424776967055, 2497.2406762224055, 3211.406966331206
918.4702784395434, 1235.2202426083477, 1246.1478806468115
4408.152868081974, 2304.5080390247854, 2575.9822899334117
2762.4875258364873, 1624.0813576149276, 2140.9327331988807
1434.219830504111, 1838.9094958422502, 1753.7717489012434
8082.019772347232, 2563.400464480526, 2614.81598697539
1973.7989539013874, 1568.4587053939595, 1806.6008362616776
3467.495910086878, 1464.9060156585283, 2322.822005396484
2632.559571458995, 1423.187983267961, 2268.8069684235556
1720.9303371599335, 1553.5646559993256, 2123.594810469528
6576.057674118289, 2111.7821146020747, 2205.428430288104
1888.239007302641, 1571.705544849595, 1629.4449364664752
4259.476230858758, 2273.1503010758124, 2539.9371509125554
2638.412687885422, 1718.9516205941652, 2800.047614767286
9420.862142297967, 2562.5087904180737, 2187.6020928305297
2812.4241764357253, 1577.57418713066, 1616.2754337661104
1523.722440122894, 1685.1334209478805, 1644.0544892321095
1139.2768271146192, 1295.8319173042707, 1575.2265666935068
5044.034281107173, 2079.9104965192114, 2858.045303817995
1589.3694389402754, 1706.0734779223626, 2291.656836685042
5833.1658932858245, 2003.1896859941553, 2627.888173758637
3094.633121408631, 2039.4096988251677, 2548.6352761258404
6310.022368670622, 2386.2318105888216, 2040.4085049724204
3136.251196690724, 2179.2316807193774, 3550.3113151608527
6353.922090225519, 1924.5180809615695, 2262.477310854228
3548.93210080034, 2159.542047785224, 2643.6041029006024
891.6663960428504, 954.5882274887417, 1881.5788621512088
1943.0513183533744, 1343.218657485775, 1422.5731075928338
1171.3285630385662, 1488.5474426162114, 1418.5424680565102
5337.7585106137185, 2719.9574051339523, 3029.8754109405604
5560.092227988973, 2249.24165893421, 2988.1933449261055
1818.433452835373, 1694.50641262622, 2143.3933405896705
2880.925485975039, 1681.826923669133, 2384.534061936495
1123.603142619947, 1351.585215000377, 1929.802852638024
2845.674302081615, 2273.9100728910344, 1725.6147332145943
2561.9445502606486, 1562.4773955617397, 1688.2115044002173
5065.371741902404, 2012.433299138865, 2259.153267846951
2904.1803829025466, 1928.922904557906, 1420.9448721515857
2911.0645347776635, 2150.300756697159, 3680.913759782499
9503.485900507258, 2437.799813011412, 3191.865417805754
5443.948556331317, 2746.4736935716737, 3113.9692366958834
7114.116543792908, 2061.1267715235062, 2213.189881738885
5267.5862453725, 2223.104985529032, 2300.54923566116
2753.4818855762514, 2049.4210971073694, 3280.639051757431
4402.4178273566795, 2528.559626436852, 2055.162605028678
2007.895516707758, 1679.1998566425768, 2294.3772077009558
1613.1421643454223, 1808.6780961531456, 2260.483931797919
3704.502855327373, 1908.6191874533638, 3420.553679551488
4726.950227563751, 1796.502386174564, 2606.29344911374
1187.7548379845282, 1620.1761767108587, 1404.1654327987621
1209.659179261662, 1524.4523371083267, 2057.2191002908758
2702.730661920914, 1833.1700777521464, 2106.158340409838
3612.995898441863, 1451.8487625909352, 1618.2420860688912
3765.7318029954927, 2075.7554615119825, 2369.413983134223
3393.875085070374, 2339.7777205312113, 2609.1795186907966
2379.5967296462068, 2136.004273952966, 2696.576494177342
3315.609894972986, 2118.8722920031987, 3003.0580391656563
5581.808220500876, 2142.5329327269424, 1746.2646003519808
3929.245972831347, 2051.5218471415164, 2654.8823050710225
2824.7017494812244, 2035.5923536904697, 2678.629156070662
5213.730932346252, 2005.1490380796754, 2078.352038480004
6222.961366865926, 2445.32300116426, 2700.2134489269897
2743.1407675490227, 1871.8510293036038, 2167.1151606246626
3609.9664918828958, 1659.2454100471862, 2035.3844091202068
3169.277891466299, 1946.8521182949203, 1978.5991271607488
2115.032632562641, 1915.3062394546114, 1246.1126562551658
2211.0647937763515, 2047.5583292701176, 1714.4846629384783
3734.832806436825, 2312.045275795487, 2432.4790859601176
3778.5131664056253, 1873.4967075808752, 2364.4672683052377
4093.761726320996, 2151.6837914061116, 1996.3925179799073
10284.078237219606, 2397.6816366211556, 2752.1109889236386
2608.478230488554, 1654.911180335589, 2464.777936280163
3313.1597134292065, 1948.0040526115322, 2789.444718197444
2244.2354460096026, 1810.436356542857, 1652.2247003480734
3879.750617172851, 1758.6280811506208, 3019.9082457655836
12273.774871250067, 2699.510191154114, 3861.181109811772
3289.918156028457, 1908.7934670955956, 1985.2465060757413
1535.6024308299084, 1318.0856736638998, 2100.1621936891106
2270.3334881013247, 1502.4966487068493, 2650.7711070654973
1195.8103142305447, 1019.4336187583419, 1757.8038189911194
2161.3156732339685, 1861.2469472560128, 2229.0127287376713
9048.324684669724, 2713.5496917904416, 2562.95756079672
1220.8771678398598, 1532.726635941326, 2279.429691624362
2455.701956514406, 1584.3094964987956, 2132.5572898033656
3532.445451428804, 1895.1294646000629, 2612.754428334696
5952.8296536932085, 2092.66669847216, 3079.4115491729876
2000.92447478957, 1457.2026849503522, 1871.152139299796
5906.916645285632, 2492.2875990393977, 3258.36937088812
3347.986520394597, 1615.466479807682, 1507.2889089393989
3866.675224881583, 2303.614445824777, 3320.125011575195
7254.440733520284, 2251.2463775243914, 2655.0818822581564
1883.0940211534526, 1637.7954820495597, 2072.980979247982
5843.760168919003, 1965.9639433236684, 2149.470306321082
5224.293178839846, 2395.497235032356, 2958.156829029539
10629.067131682921, 2218.221734687269, 2545.5766181925646
1255.2286463270996, 1834.0831742655432, 2284.3252467326874
2363.2585809069483, 1576.9257210599753, 1730.5779319876676
1772.1476213665615, 1807.0796153032493, 1521.3211794808753
5287.433440706373, 2113.5089987263536, 2499.98870243434
1619.0927247027416, 1405.8258641725788, 1437.931882499771
4263.4837160404395, 1609.1974531347869, 2326.4125327685865
6256.626748863562, 1963.3287933026863, 1638.8144128847807
3293.385989775016, 1847.809162892488, 1666.824305648884
3164.7179343408156, 1942.4651026521183, 2082.7248185353724
17109.894840272747, 2892.987073000926, 3167.105269608538
2019.87679742893, 1535.9712152944721, 2189.815124361713
15421.555389599187, 2843.0551203071627, 3148.581694434939
3439.997642496214, 2108.8161827998265, 1971.0487834218752
2391.201108179046, 1883.671576628532, 2227.932140008812
8502.568835805258, 2093.2927668851225, 2047.708337589373
10897.969120941108, 2432.971602164672, 3285.9877366598585
7875.427474971989, 2102.1428850889256, 2013.408523686629
2546.824513226347, 1617.0316970880065, 2078.801462749848
1697.6927029578405, 1534.421926876248, 1977.891657616366
1685.1909235231237, 1595.4524785336087, 1257.1200355906917
6510.228222700082, 2538.7801916304493, 2678.936737500039
1806.6786352032868, 1746.9524309254268, 1956.8069875077085
3590.9550505312254, 2348.6491093514815, 3010.783134781378
2330.3253655055846, 2031.7574185028486, 2146.729482931528
19971.8422087761, 2553.3075725536314, 2855.8562161887676
11101.255334780226, 2157.7420581310143, 2205.095307011242
1555.6012251640145, 1803.6063417449, 1330.584930343949
1288.7616301180017, 1659.0327325837036, 2074.910932630449
1657.1073382420795, 1555.1228584289852, 1780.8372287377397
5791.894564082476, 2679.980657195464, 2809.020163300675
6950.112154346218, 2621.957445678034, 2433.2203301965083
15336.766632991441, 2743.8194141558615, 2578.196370891477
1806.9604047428165, 1655.8960998048778, 2293.5767279404763
1834.895665813045, 1761.4147498752227, 2267.9582352620996
4129.59005120387, 2139.202188104484, 3078.06482629969
3725.41887116356, 1980.6217454118753, 2777.20043267285
1696.9709470501143, 1475.761762079218, 1504.1252873903395
9083.299501018257, 2258.245697942004, 2581.770173532831
2976.4601181982093, 2361.715812488989, 2459.1476394358588
9420.912845650373, 2421.895224078807, 2751.7258080699867
9204.404855669136, 2715.9617410509723, 3746.245563386585
9901.840874992597, 2728.919915910906, 2874.5151442065944
12404.020548936944, 2790.291793335849, 2623.9647619580783
7151.529960624716, 2250.5989938067514, 2502.5015585575293
812.5457062072669, 1349.4559332048748, 1480.0031292047752
4160.232037907358, 2294.8661781087785, 2921.3747701710986
3397.002778543045, 1843.077175698767, 2291.192505708254
2674.8480709574246, 1776.9847609403369, 1466.2961013582242
6526.205228277497, 2307.932997063392, 2792.2512563577957
6838.26833453767, 2627.96176092866, 2983.8277054972705
2604.537888692884, 2000.9264009408998, 1663.3055267452082
1755.6314107718397, 1629.4342965687117, 2073.5060892023544
3635.164527310064, 1900.2517199561735, 2057.880426625632
4931.089567499357, 2208.5252646447584, 2192.9780957808384
1979.019091267667, 1887.6499336427087, 2577.4187782172567
5189.265519574004, 2139.3860191020685, 2523.560224471114
2285.5172247119845, 1427.7045706379772, 1969.1510415617975
2152.1576412343447, 1670.8682232907443, 2833.187080493431
9379.233043577424, 2246.484578197471, 2407.8953017161057
3279.910287691031, 1735.7941184398028, 2783.920647072554
1456.7499673408226, 1587.8645968909275, 1631.5167866192774
5098.874228167995, 1802.6055069435824, 2490.64860159253
3534.589300083307, 2241.8234324804152, 3639.6750709352696
2466.7755235734103, 1645.1410513096503, 2424.6570205947933
3906.2119241715773, 2033.4024639442173, 2514.1041714834655
10826.514964202039, 2741.0205553938235, 3371.3157927485872
4884.766270182685, 1870.2377441342273, 1649.6390673762232
920.5453006295764, 1186.44611101075, 1569.7369786437166
1074.7060185624225, 1653.7130524168156, 2158.4266448527133
5651.242048430792, 2198.337875998962, 2521.317325707182
3124.775462486171, 1649.4147368581048, 2052.3035191330205
4128.267217728142, 1780.987628758935, 2121.5546538060635
1829.9461879928483, 1463.4466086546217, 1971.4681187428318
9800.514968030957, 2557.281132059757, 2867.0875697304928
4082.200230645817, 2106.030730942497, 2092.015769352451
1482.4014546868225, 1186.7129864141382, 1447.8568789213973
9746.658961524396, 2001.5975732392371, 1700.7306166633068
3022.3004910949585, 1698.5660026148907, 1765.5705173774084
1343.3427190271736, 1315.7035490353135, 1899.4270985929375
2146.198214600332, 1538.061427163538, 2440.14374939561
960.8743521419871, 1341.9736007440656, 2084.1649552355043
2702.038706012071, 1784.2436594462301, 1777.7762432359978
1342.2558414913788, 1602.9155728183187, 1827.3135014918
8844.897724907709, 2347.149068081604, 2107.816935820615
7193.370191017257, 2088.4816054095445, 2705.113970596672
5810.784009452954, 2086.288473865645, 2539.9976038348964
9196.211086370626, 2559.3700355439546, 3398.6609040363246
2394.8109836236936, 1690.3528392401695, 2577.9191649397553
4171.568762217112, 1653.7610850531219, 2135.4854371685883
505.02045448795167, 819.8411152547047, 1348.7443645163678
2473.236206489758, 1736.347241976273, 2502.4165836186944
2874.5170926984383, 2123.4938234613073, 2126.6475744332106
1589.1355621538773, 1779.467006953474, 1737.301388786314
8297.826703818304, 2415.3478732843446, 3219.5857496520557
1187.993546087886, 1266.925373101485, 1643.1086085832449
1907.522886921607, 1770.4584591130197, 1931.7301234807928
8419.098486932533, 2429.7111349915886, 2093.6904641118563
1550.6044682107845, 1601.2710965651604, 2010.149905468937
1971.2348455669744, 2197.3903815680655, 3355.9690752523175
3262.237655416198, 1779.9117585789172, 2528.9377746956193
5084.393769535176, 2124.682583787133, 2964.1066218506303
6885.244996705903, 2026.966880168592, 2482.6086404632115
830.9734703263865, 1227.7719722655218, 1959.1301100351839
1311.3320463297168, 1707.323752863616, 1812.1117667043582
3546.818658381883, 1988.339229274408, 2720.6021374012957
3223.929702911093, 1705.031199459976, 3031.958651997467
1773.250082973253, 1892.0956437272066, 1857.3404819170048
2906.131838420565, 1793.8368109022526, 1595.5543200826296
6784.857576546656, 1899.491134360639, 2051.6788604170424
2780.7186807443027, 1835.3658339362096, 2197.4810702911695
2451.6790347473166, 2046.9906113133202, 2264.75570067424
2075.269128678436, 1580.2540928591702, 1925.7706027539612
2652.7286237051803, 1753.4178817956913, 1623.1009031115173
14276.819964915238, 2403.426227397691, 3454.3061010016327
3373.1190043066454, 1910.1030982282823, 2544.3414803909736
4760.710235718935, 2151.75485496295, 2467.686394783929
1777.6049438783004, 1493.7537978335242, 1732.2612340526707
7051.510847597504, 2088.5369795437796, 1919.1083827383668
968.3552294322427, 1162.684069115016, 1529.0623079016773
15702.814071494195, 2620.5611824961784, 3085.601784029928
3054.655405640099, 1917.956290428277, 2470.058314273251
1978.5202348204493, 1720.9009025502528, 2227.95592370346
3134.35738252581, 2157.570130592752, 2951.8134880995044
1233.1978624396056, 1493.393038747242, 1902.321045734669
1323.8274914208791, 986.5413965293104, 810.7414160577994
3126.129793341826, 2029.5870129280759, 1965.804665892891
3790.2035590208834, 2275.180055667404, 2257.7736489005183
3935.7219129925406, 1676.3705687908596, 2039.772910311785
2389.536816840763, 1806.0432720319109, 3132.754426106299
9953.771626859874, 2298.899533992945, 2559.4148356838796
1871.5831625612018, 1519.2960816806858, 2083.993891281655
4464.504525661102, 2069.0500248289854, 1769.6731990161318
968.2450137635785, 1551.8869715003366, 2256.3754601202572
2181.663053733238, 1864.872795821228, 2147.9833609883062
1245.07033303138, 1156.4693163955499, 2011.3201154615977
13951.822415088229, 2510.81126923612, 2141.0115104146244
4408.071507822492, 2185.392281515445, 2751.9326869981564
3556.614527100627, 2310.417050930081, 3254.6594127247345
8295.008141597076, 2147.8865139380705, 1998.1588866685838
6834.497842220117, 2433.3008086041464, 2363.897352102713
5164.164716246294, 1830.389588436573, 2478.8814241231053
4199.558871500872, 2248.0890078841485, 2656.620660236329
4371.8369042874465, 2069.0992815894383, 1547.209042507623
2362.689811538645, 1930.3027196945566, 1451.851586236234
19291.397992218215, 2835.5120875169905, 3703.8442783282344
1459.6819818967674, 1444.7303505777663, 1865.6100302151476
3255.2623518873556, 1593.8020984799427, 2406.755446619425
4364.500087836695, 2527.427488500038, 3482.6437153100724
2520.6740754130924, 2079.619912776787, 2378.805694106322
5670.4229689735375, 1873.2751117250068, 2179.5583363567403
1211.985808736134, 1375.2961908050916, 1815.8610865693531
2524.3048267775202, 1927.648284059403, 2409.4807014302996
3466.3346770614153, 1556.487102537198, 2295.5523030753266
1207.787747156819, 1284.229203123165, 1389.8016631121254
4576.253380615381, 2087.8716016449175, 2675.0149615307987
3001.095479157608, 2117.9925340030945, 2025.5085509854785
5156.941108905111, 2172.968976754002, 1702.7562996032011
1104.1395434102437, 1559.4702794231714, 2257.9186492240988
3671.960890518055, 1708.6863572563452, 2593.266616974182
3137.8786122481124, 2055.506674855896, 2649.755215301703
1351.2539267959326, 1464.0250528040656, 1654.349561961081
1778.910928034925, 1766.3963255385052, 2952.078588796815
3907.578042983925, 2052.4150347517298, 2773.0833846148307
2413.277355503338, 1833.172796865988, 2086.308228137534
1581.61994472449, 1463.5143572188513, 2296.0937627505127
1780.9558503380729, 1637.351563952975, 1974.880145646442
9403.034838147716, 2492.0578147529027, 2160.7620279123253
2463.8249168216566, 1690.1559997828126, 1814.6657551924663
3118.271273291617, 2204.3689704700846, 3671.8934637748766
4569.440653117504, 1902.82331045359, 2123.654194715276
2566.35814275392, 1721.0238943853392, 1443.3549837768574
5316.831112140067, 1773.6980340899827, 2193.4648328003623
2158.270648010743, 1763.9113267077505, 2408.8832527224426
3135.72013979478, 1818.4276318220918, 1669.7955367876266
1453.5212047640161, 1612.2232890702585, 1490.188187405633
1998.2866062617072, 1786.1355660544223, 2813.6501993375987
4681.704774875962, 1817.5384441033925, 2469.3698953428125
2261.741859713874, 1938.467909706969, 2683.3463207885206
2331.729636043186, 1597.5536197509891, 2053.8829465496224
9680.03139500397, 2496.237929714974, 3089.3927312181404
1068.2114636118367, 1270.479931271067, 1747.3053262566882
2181.4197281382912, 1379.5291590732168, 1859.7098886461433
3802.333023299459, 1899.9484780228524, 2823.6689718531857
620.1353063517951, 1325.3827150234272, 2055.3579276921264
8910.157171378867, 2299.88440800883, 2396.545500037976
2513.499653321782, 1727.127071819154, 2404.0796529224144
1982.7197660736592, 1646.791920798075, 1962.856481122505
3697.7798970551876, 2355.69588723351, 2159.7851103139383
1612.3197069511561, 1643.8939388729927, 1881.5065332898457
1588.6636718716213, 1605.3630771970065, 2413.7997476244045
1898.8785155155506, 1916.8920595104737, 2291.568526334775
9831.902692570162, 2618.4233348621483, 2555.6627361932506
6136.237720139182, 2474.939857077781, 2650.369898243864
6654.886402483992, 2493.22794379997, 3400.247530492875
2687.757577528844, 1984.084008353263, 1906.3309975185914
1388.2126211808222, 1233.1167726418919, 2082.384720576073
5803.219681268537, 2176.5627338756394, 2082.99320168289
2845.0445831959482, 2132.020663139052, 1705.667629490521
8794.173155897839, 2818.8275461877756, 3205.2187172539393
1126.1093458335654, 1611.7664414017843, 2086.855454191452
4156.598307593744, 2022.6819165778538, 2331.4684353496204
2354.9706534027378, 1656.5186781946095, 2424.14425286653
1897.4888879626617, 1609.2580098190347, 1834.5685601048688
2108.8795624382547, 1749.2168867433763, 1856.003227520386
781.5410227500064, 1089.132946717314, 1675.54430513947
3095.2962303975123, 1911.4450921196617, 2827.3779594739103
7554.656349542429, 1867.0785005022376, 1447.4032984249598
1749.3815398030151, 1649.315256456353, 1879.5624246731081
2846.3246569891685, 1543.382738011584, 1794.663819210093
2151.8854563909767, 1492.1725230109587, 2010.9194465270998
2614.1307068373003, 2174.221058829042, 3113.495646527014
5304.961718074618, 2103.994901814701, 2313.0035809701317
2332.820377167569, 1939.4783443587728, 2867.740263051045
7975.868839596205, 2374.122606918517, 2666.572512520937
6177.857469504235, 2189.205742858695, 3124.383297076531
3764.4411357307745, 1535.430074194263, 2162.1555560106003
3666.427756999291, 2153.374787113703, 2761.438034352315
1880.9660625882368, 1379.7049829740733, 1783.6200305796317
1885.2446776814368, 1818.6623882505378, 2184.110428246939
1650.030205908689, 1539.9111632914673, 2082.053793607287
1733.6328232918004, 1539.325357062587, 1735.7985275252004
3609.5496466185964, 2108.8196852489123, 2186.619744044017
1635.5380119563833, 1469.921595818165, 1979.9022960798402
2298.039228994227, 1949.1844946139427, 2380.8075146487895
18555.184887533527, 2910.919758555484, 2990.353287476999
1293.7250372508706, 1184.076717093771, 2166.6406263438143
7211.7779922516365, 2552.313982440359, 2552.975366296533
1999.312834570155, 1306.317996253488, 2191.8409030748608
1152.3559900908904, 1756.490727060645, 3546.4827223708917
2071.785857917961, 1771.7033778260993, 2338.5012317976
14381.715554934653, 3249.3473535029843, 3823.204470908441
5026.192489505612, 2045.1929990353865, 2148.555352885598
1570.6100088685207, 1405.58469673947, 2196.2475940731965
2097.505301903949, 1873.030735902068, 2062.473773718196
1274.6300134393066, 1356.8904260286595, 1267.2493004798093
6187.7999555136375, 2453.0697531745736, 2413.2888263142822
13525.07010443655, 2767.6485598893637, 3203.031687590429
1252.1609375166363, 1457.085527254258, 1507.134943174831
3728.093149401422, 2157.4823835492607, 2039.0203501904882
3634.790023845751, 1703.0874540511204, 2055.1331954936386
1759.3686223697373, 1652.7709568685686, 1319.2123324296076
1273.327257183942, 1075.9047440642157, 1833.3672027581483
3327.0687678860577, 2092.5125426944664, 2041.0575985153475
1561.556473180648, 1407.4452370271888, 2125.8775663198476
4285.38520757328, 2009.519036173003, 3084.6413070251115
4706.430938209102, 2398.272267619749, 2404.7881433063853
1331.255907079843, 1604.0493092359177, 2678.670421851543
3695.8814954213162, 1648.3441449580896, 2496.4981882941
4030.4919846499924, 2233.6924346368824, 3017.979787695933
1058.327700284436, 1193.6152097759727, 1057.511986589696
2467.0058017992365, 1702.5022957828446, 2205.965856316646
5706.081429888487, 2239.023889696167, 3189.869142236397
9712.55951725452, 2425.3718356122113, 2478.827662150189
2020.043818181339, 1723.4205333053765, 1469.298990763305
5959.179631665434, 2422.0480772597634, 1979.5742539549726
7847.542336886878, 2408.0666065758005, 4118.8512113101615
2443.6313968194304, 1706.2180485367862, 1854.201272102278
3405.247295997174, 1703.7583101402658, 1946.6657070576646
1992.9837558344748, 1728.480017633, 2831.246960164548
2264.4170074708722, 1592.113103313547, 1834.8113312192258
4574.538276948017, 1467.1952993702675, 1303.3631577825822
1673.9588812346637, 1440.805602934001, 1722.66315448244
2753.3657339414767, 1899.3482662827705, 1546.0957869871413
22828.991143253344, 2251.7179637867107, 3352.1596105715935
2209.2734477307436, 1971.2126767233503, 2111.0950510795356
3906.1433371993626, 2548.4250286304314, 2288.988252489468
1470.669546889212, 1655.6559372069719, 1657.6220328379673
5258.345302448689, 2145.777220662314, 2780.8569016258907
538.4476028867074, 1113.8677088399595, 2055.4249011303245
2340.6369576871166, 2053.9874549090673, 1361.5017817724083
3459.663955003219, 1915.0470204486064, 2116.396436103777
3018.169388084473, 1839.4532548369157, 2833.1048019172854
4799.061345797394, 1904.5989990219887, 2078.4231245672363
1422.4281641192367, 1598.404567081967, 2202.3793072649796
2160.7834456124187, 1518.008672369947, 2266.898684204244
6267.619770773046, 2230.056296734121, 2934.189148756722
6332.598691418722, 2156.1873516206015, 2502.453594643438
2251.4561695433326, 1641.749890621895, 1799.6646347203123
7665.793102480881, 2178.1826403707228, 3112.501363581591
7727.482064496893, 2565.655414395409, 2614.3909896160835
2600.4841361533913, 2015.6538394495778, 2245.4238566409786
3060.4174902604364, 1357.8975535979012, 1785.223506033224
6537.332706239683, 1701.536466668117, 2073.151366723941
2059.5916697415214, 1944.8260324195985, 2435.98611632802
7917.281238588916, 2595.419747464921, 2145.3916203872127
1518.252424193256, 2138.7315673061976, 2496.5972006835946
2829.0391693739157, 2120.3755865252942, 3198.865453718689
2568.3005304797657, 1987.7503853772755, 2800.7178857362264
1142.6483416090066, 1541.4406960130032, 2128.4624479808253
3593.2355367793693, 1755.249821505731, 2312.494776683699
7421.375702099647, 2216.030235429614, 2581.057106387435
1213.8492645684992, 1528.115610064635, 1859.4526650252083
3141.13170727444, 1821.074682467832, 2336.1917211326095
1777.366030354517, 1371.254102516432, 2348.2106062062003
1921.9016714040545, 1840.5251189740288, 3899.656059864776
7978.306137544614, 1971.282292920839, 3133.3760268840806
1583.0151187282597, 1831.0127195692403, 1613.7275142214091
3267.099232222992, 1685.8295190771296, 2289.257114551883
3218.819054341544, 1705.4263799902224, 2293.2076833923197
28292.941459360383, 2810.375156615759, 2857.472875241052
1699.777811512722, 1709.9030706440976, 1193.460731668155
1353.0353570761204, 1429.0455319670205, 2046.5389102580202
3059.178845769543, 1799.3810342877405, 2139.228851296586
6420.272876827953, 2363.6792292202995, 3996.0907693380072
1541.0444990761334, 1639.8063697384137, 1470.2823924231225
4259.9673847697295, 1879.0063413968032, 1891.1679436857983
5385.384420327646, 2400.815010705474, 2288.732288269124
4312.771032511223, 1686.4978741678028, 2358.7666234464973
1478.4680409934026, 1712.309548449186, 1888.9465500689748
1520.764190103483, 1497.6261377644896, 1490.2068111926965
5408.165411966515, 2058.1083909094286, 2813.2950276411625
2530.377174833555, 1643.3004618852578, 1923.4102330817163
4971.031148069741, 2008.5201790569133, 2237.492597287041
2732.9654230185806, 1632.493676851156, 2066.0249458716744
4763.011460656351, 1628.05079131626, 2040.8363070724768
3472.0159416883125, 1968.3664802204971, 2064.897357200972
3815.0524711221647, 2138.819621022319, 3085.5246804578637
2116.663797730115, 1224.139669078552, 1554.4828000143584
2638.506329927, 1593.964657694612, 2636.613443130359
1768.2915832092945, 1812.1104189292282, 2467.499291890834
1266.21052276509, 1853.4346676815067, 2355.9661785918893
1681.8701434268569, 1317.2733960418982, 2382.852251646645
10171.538008167563, 2318.2936923271905, 2280.942477594054
3903.3905565128102, 2329.2542855021447, 2997.9410888004277
2595.3133597706196, 1726.920441362498, 1611.6606345148007
1652.6292290389074, 1589.2090573236437, 1583.9629076584279
2389.441719883229, 2105.891341572648, 1987.88624927703
2444.803057525868, 1901.2360969559136, 2110.789459953973
6200.797497507899, 2345.313135154136, 3331.744110816517
3133.7273576075127, 1843.0620691020695, 1642.629156117799
5085.541843779473, 2287.2985194572516, 2604.4304640068362
1269.9879926793628, 1558.9436063774328, 2057.2972168824103
1340.8398637001783, 1372.8335729371788, 1765.650085981971
3959.4838448951355, 1913.3529040214908, 2710.52971281197
2618.204328000973, 2188.1914309030212, 2228.527251962216
3725.64159515333, 2292.0851306151344, 2928.4474722761724
1650.2984502978645, 1411.8901698848272, 1753.1042487749396
4726.164722950077, 1876.6990953356722, 1351.0147072001214
10871.465443336894, 2485.208740091772, 2332.0091270451985
1258.1727442424994, 1646.318040604097, 1968.0230224173465
1247.1012826726765, 1396.5993407574751, 2064.4192370427763
1772.1677798902865, 1503.1627697380527, 2074.845259268124
5241.187672740756, 1946.2973686318257, 2544.5472655839985
3871.295932020015, 2234.356527202397, 2301.0182846217876
4608.969195059173, 1673.4373272930368, 1615.644637067911
2347.656294886239, 1834.6868443349056, 1864.5154116499043
4406.74686018895, 2582.0190065008414, 2726.069095685068
3761.047825531153, 1910.9154910382395, 2310.534154890874
2817.1397668099235, 2039.8620324129456, 2064.5342534054134
2040.574026150617, 1813.4289439884733, 1970.4413258952818
3726.9261889811387, 1360.4368597547475, 1455.0219771968611
1297.0794542002, 1536.9770154294563, 1717.837699361039
2526.788771633669, 2089.480111974348, 1731.1025937504169
13132.270273650774, 2556.1273859986086, 3053.667433950945
3031.2374711844677, 1521.3219755286727, 1292.1398349498145
2152.9049328262577, 1593.165967745416, 1833.827420137267
4820.443747723817, 2389.083901628999, 3252.464821176399
4590.938522630513, 2321.365914855659, 1926.8818807051712
7521.431154109091, 2526.2865363816986, 3264.6130160465123
1886.263369031659, 1834.4031459411203, 1344.8756432184043
1131.8982397913317, 1532.7238835769315, 2226.732861664951
1084.8093430976974, 1076.9645630920454, 1272.209441106089
2799.913938307428, 1884.169703315631, 2142.3728264728197
4763.796921806707, 1999.8979727708847, 2235.783316732528
1639.491749189142, 1582.6574675094198, 1875.8017568821429
1813.003323535072, 1612.1986644131857, 1897.758252372395
3245.1242142232104, 2049.853583275141, 2676.6871499760914
1661.3837144924905, 1599.491839343506, 2162.3751054751788
8444.220537004623, 2224.5279055897004, 3375.6946666573976
988.3562508358543, 1263.1485971128632, 1468.4880403705656
2282.3138157085127, 1851.2730582450724, 2980.6343453001828
3732.901645692884, 1684.1273897985097, 1563.1455307888245
11607.246406965349, 2451.559729720526, 3273.057071664269
945.9823502995788, 1110.0074145980761, 1761.3503348673676
2803.631804779294, 2001.8656323536688, 2927.5680425333585
2743.7099392891814, 2077.378932847209, 2387.4292448733245
2555.917573530523, 1916.9183801803665, 1730.6903635193048
15897.585842712291, 2544.484454870459, 2579.3181109495927
2664.7834132933544, 1702.4341421314289, 1884.1155497453867
1586.3493430805086, 1492.3521792671054, 1644.9128915604815
4259.622428158691, 1952.501124129826, 3305.2303992232123
2061.525448881656, 1648.9477197203155, 1890.9355482928984
3623.654449456973, 2021.8971763828838, 2420.357857446637
964.9155954151068, 1150.5396241224685, 2304.074881932523
939.4459493639465, 1292.1198093005887, 1688.7681954108932
886.8962231094725, 1337.5619937166225, 2061.9868670774604
3102.62566186032, 1674.0495142879108, 1729.3706760725372
2540.4509846234964, 1644.043824091223, 1905.089764591979
10577.961118665798, 2832.619662848437, 2776.9996985585203
5348.590490153819, 2017.2197891033688, 2225.641502338406
8433.07028700024, 2449.9315495686674, 2138.485687112458
3427.408365542341, 2168.1945062185987, 2462.622747601827
2338.6786012146513, 1676.2341131113326, 2448.9933510512224
3854.7898582969383, 1571.5675625782296, 2269.174662261222
7128.101242442668, 2760.3753912199463, 3668.264451487375
7005.0769906068535, 2451.0989066365055, 2241.736997486606
2102.7269352481144, 1955.3489578006393, 1977.4593259814237
1917.9148055692256, 1360.3382203220508, 1829.251984861427
2455.164676233416, 1509.316825739916, 1795.5831412176774
2033.0124817692326, 1587.157044372945, 1867.953028645018
8439.538639498729, 1790.5648648530514, 2546.4120165357226
742.3415909422768, 866.9072810233513, 2530.978879295784
3085.39959159873, 1794.9405010094988, 2370.9059956295396
3863.932650392897, 1738.5224354876107, 2286.5185931761125
2896.1784918675903, 1836.165322391846, 1992.8597448549272
3768.3905803955145, 2060.288797431825, 2758.287323522027
1345.5618089061425, 1313.37624148936, 1838.181474988408
1705.3794852138562, 1319.309190416035, 2149.7835465831695
8947.860995118763, 2379.671562549069, 2850.3268319910367
5351.415764839494, 2236.2739549377375, 2831.543749062568
1376.8405495699792, 1575.6361082575972, 1435.1973667791772
5531.508040595718, 2445.952785815647, 1913.5439576835647
2422.6923142170044, 1636.2437721235729, 1938.0193096720482
4075.777244109997, 2545.003486719839, 3015.3068144678127
1434.924892697235, 1811.150716832188, 1844.1534037103293
1057.585557745229, 1251.2801335617332, 2214.553370997707
577.7946813988239, 1029.308834650839, 1794.9444879209245
2432.333595932351, 1749.7156711281418, 2134.4355074049836
2905.9498743761187, 2011.8143334684173, 2171.343479683928
4518.665516777437, 1507.107631519765, 1890.2358375260278
4937.006414383815, 2219.0465992806967, 2227.7705146333956
3843.7208523837385, 2256.071640288873, 2769.712078937124
1556.6164827542464, 1663.2171246249368, 2394.845811288399
1045.7249902530066, 1341.6297682999325, 1791.6886029266666
1270.3029249275223, 1262.3896690671863, 1867.639546181153
3226.852949810833, 1896.7964736188985, 2993.916956983195
4290.081457373943, 2099.237367614981, 2667.2457717684074
1401.6568858341611, 1869.9255919147893, 2258.572429904295
3536.4402888576387, 1670.6919294881202, 1948.2749495312119
5635.3935634789905, 2119.149057015964, 2242.462913597493
4893.758049510881, 2268.1305770682675, 3118.5992818431323
1673.687398775418, 1547.18282363432, 1798.8709113225696
1054.339772096101, 1304.205182915729, 1308.3847051167377
5137.517116454721, 2067.6470936999913, 2632.1724828977613
4706.258677467982, 2076.3877538042757, 2380.298991078219
10600.187101484415, 2640.563430187887, 3805.7125696675307
1878.7108677295296, 1598.730345368449, 2508.467899918439
4223.24786709158, 2166.1133283367994, 2912.5399428148708
2387.9193080628283, 1703.6615353405982, 2399.516686749453
2815.730301825136, 1664.1060221271007, 2377.9294250571998
12537.426137753115, 2154.9045084221543, 2987.7376468967914
3740.265285155204, 1802.7196311085625, 1898.2986576845626
4254.675542906682, 2006.9488272142678, 3335.395884159343
3149.4218745825065, 1594.5256482997322, 1356.7819130763178
5850.178803188663, 1784.1899984490287, 2685.116183744288
2966.294669701982, 2141.5749893848715, 3682.565078539531
2283.1783027245283, 1400.0155443139522, 1618.3711201583942
5828.450116053621, 2139.9444917274086, 3227.4074334396
5931.622557273714, 2249.540504072373, 2227.096802028347
10442.440937206813, 2532.1069122318654, 2492.7007983558988
5555.58909093733, 1750.8050905802334, 2055.248738344928
2564.492075184552, 1760.7567335541435, 2275.6712836990805
3309.142838581107, 1853.616629114882, 1959.5287820108101
5440.51923794895, 2598.005379206709, 2188.7104012162013
5395.8678461699965, 1864.9907959552152, 2157.616113514151
2534.3040695367004, 1996.1303862611555, 2652.482530725655
1538.9165322445065, 1410.9708852311219, 1633.8658277324757
1648.319796405776, 1691.7397495000582, 1778.1974362401584
1903.293021657385, 1480.0643502050198, 1367.2201732990625
2117.7764174240237, 2000.7870755189479, 1684.9170494787436
9358.680476910838, 2692.4893609946803, 2204.2938387973736
4027.0987197096983, 1894.4860146523872, 2548.298037216463
2006.8209879127567, 1553.5146179068183, 1452.3710640283202
3090.8051066875564, 2020.7929658437702, 1629.2671928190573
8310.095088814132, 2214.0954925749643, 2486.703867038083
6536.211765232349, 2239.182702140128, 1350.0595544892099
3289.8683065177433, 1986.7654596636364, 2796.612776193353
2495.6540116151955, 1904.5652424822083, 1386.5853554305836
2835.1696928262195, 2028.9297689143632, 1656.4382369378418
1134.231305232312, 1461.5025518432444, 1770.035180457267
3349.584064860534, 2234.17249332882, 2573.726197894694
6448.604715265021, 2316.164891731254, 2757.6965600015674
6114.9075649444585, 2174.621550273665, 2956.929003988126
2542.6831572178717, 2105.2847594969426, 2293.1846675768384
7724.440882624754, 2334.558909941158, 2635.3192039019623
1509.9423389927733, 1437.3276038887357, 2011.5891889398786
2334.1938583893207, 1867.5970202730086, 1900.649957037612
1231.090649554355, 1158.0493333521033, 1398.7391732443398
1178.968510713626, 1330.3197601842137, 2052.1893885407835
3080.191112707558, 1829.4689890732393, 2645.1498953648133
2318.071392338416, 1730.3365505734707, 2525.253690719748
4300.699572937258, 2509.709674992219, 3396.5383536489317
923.5334990739415, 1397.4691556822684, 1879.2087883967636
5030.374776509128, 2218.568790006344, 2255.4494820542554
3228.796461007285, 1419.277803585072, 1782.8629248775264
5404.405425049201, 1992.1571479373456, 2477.51245073568
2940.5429571548034, 1545.2191432620505, 1804.6583594595654
11476.013174334248, 2031.6925759956312, 1940.6558971563459
3283.6476507132347, 1998.2106706673903, 2655.707321687065
6607.651141617627, 1836.5950726089404, 2462.985281580265
5649.320371353573, 2356.142999872146, 2062.708185859716
1391.8699473332267, 1259.4391653716625, 1269.3527518725505
4069.820427500146, 2083.933000722338, 2809.4522550000456
2882.708719222861, 1887.9338295865928, 2830.3563155802685
7771.3064053127, 2083.0805988419097, 2948.7893229987544
3157.264906012192, 1744.537717753583, 2139.998573120919
3472.403473967667, 1990.6132283400439, 1848.4187544450356
1468.8402545014992, 1542.4729019698777, 1737.8063056028423
10256.426538021979, 2642.492789534255, 2396.647649179451
1252.8509465479679, 1301.7790191619333, 2171.1916152780436
4476.359019652449, 2181.4945094835925, 2385.015322366671
5463.161198347644, 1893.2689617328565, 2702.70898786583
2257.2736160253207, 1605.7966081886216, 2281.2498466320735
11298.664036935914, 2578.9055611521935, 3144.5436343329184
2509.5195674716574, 1785.3365566481898, 2501.70129938711
2845.8227821191967, 2206.642638455695, 2260.9944457731444
3617.124057623547, 2090.21961571584, 2764.0306075270073
10212.261783312279, 2129.011907064846, 2728.5988750848783
12427.776916581677, 2073.6089051510903, 2905.0798935330954
2051.369415259925, 1549.5630054807264, 1775.6531967505512
18606.465243378738, 2612.636688243514, 3407.299436398684
3265.3338371549644, 1950.0534994532632, 2454.1117803758134
1789.5488809619292, 1699.9419035977598, 2492.311198094856
3269.9796549805774, 1902.9922744158437, 1861.7586256334305
906.4279447603117, 1235.1495150809928, 1313.2204975359932
3511.1352020398244, 1840.1123281360744, 2100.266590163343
1625.1702740270007, 1490.9064380226546, 2211.161290574646
5044.976036993878, 1826.2805059625982, 2148.716116780373
23613.74120094141, 2788.121250665917, 2512.281712722404
9079.524626168972, 2405.7900449928816, 2460.5413921891204
2628.482995164204, 1684.824111714101, 2054.0193361093393
6691.007619526499, 2519.0867993746997, 2899.8151251583054
2611.060086657775, 1740.3655180867374, 2216.8114006898377
4418.887779087785, 2035.09546072193, 2370.195079624168
1338.8311742432293, 1574.190241982999, 1310.9036862964867
896.978921234379, 1064.6882031911573, 1464.5169844701786
2557.4668835208686, 1821.495858469791, 1867.5503614694326
2664.427188775471, 1833.720946172784, 3365.061863410742
3005.9415343569667, 1796.7371072499975, 1875.3651238120708
5683.43721256004, 2131.4393238165235, 2206.9341352706647
3802.2445006783782, 1991.3230397292173, 2572.6204126568755
1152.133519640925, 1425.9845256770905, 1507.762342315566
2971.038717379425, 2038.2979040191242, 2592.334337146086
1911.9472916773684, 1755.609790287098, 1550.3675616537685
4520.441051557577, 2013.1039323954492, 2375.8380816811286
1878.2581345388767, 1908.053907257236, 2028.8039986342637
4884.899794591676, 1825.8903664011673, 2429.9052768174597
1431.1818669064276, 1399.3396803164812, 2082.462655712644
